Workbook

Sheet 🏠 Dashboard
Z1: =IFERROR('📅 Timetable'!O6,0) -> 0.09375
A2: ◈ ACADEMIC COMMAND CENTRE | TANAKA ALEX MBENDANA | BEIHANG UNIVERSITY 2025 – 2026 ◈ | Z2: =IFERROR('📅 Timetable'!O7,0) -> 0.1875
Z3: =IFERROR('📅 Timetable'!O8,0) -> 0.15
A4: "Discipline and strategy are the cartography of ambition." — Waldo Tobler | "The goal of remote sensing science is not merely to capture the Earth, but to comprehend it." — Carl Troll | Z4: =IFERROR('📅 Timetable'!O9,0) -> 0
Z5: =IFERROR('📅 Timetable'!O10,0) -> 0
C6: ◆ SEMESTER PROGRESS | H6: ◆ COURSE SESSIONS | M6: ◆ SPRING CALENDAR 2026 | R6: ◆ RESEARCH STATUS | V6: ◆ KEY DATES & METRICS | Z6: =IFERROR('📅 Timetable'!O11,0) -> 0.1875
C8: =IFERROR(AVERAGE(Z1:Z6),0) -> 0.103125 | H8: COURSE | I8: ATTENDED | J8: TOTAL | K8: STATUS | M8: SPRING SEMESTER 2026 | BEIHANG UNIVERSITY | R8: RESEARCH STATUS | V8: KEY DATES & METRICS
C9: =REPT("█",ROUND(IFERROR(AVERAGE(Z1:Z6),0)*20,0))&REPT("░",20-ROUND(IFERROR(AVERAGE(Z1:Z6),0)*20,0)) -> ██░░░░░░░░░░░░░░░░░░ | H9: Chinese Lang 2 | I9: =IFERROR('📅 Timetable'!M6,0) -> 3 | J9: 32 | K9: =IF(IFERROR('📅 Timetable'!O6,0)=1,"✅ DONE",IF(IFERROR('📅 Timetable'!O6,0)>0,"⏳ Active","🔒 Pending")) -> ⏳ Active | M9: Wk 1 | N9: 02–08 Mar | R9: 📜 PAPER 1 — CYCLONE SIF | V9: ◆ | W9: Spring Start | X9: 02 Mar 2026
C10: =IF(IFERROR(AVERAGE(Z1:Z6),0)=1,"🏆 ALL COURSES COMPLETE — MISSION ACCOMPLISHED",IF(IFERROR(AVERAGE(Z1:Z6),0)>=0.75,"⚡ STRONG PROGRESS — KEEP PUSHING",IF(IFERROR(AVERAGE(Z1:Z6),0)>=0.5,"📈 HALFWAY THERE — MAINTAIN MOMENTUM",IF(IFERROR(AVERAGE(Z1:Z6),0)>0,"🎯 IN PROGRESS — STAY FOCUSED","📌 SEMESTER NOT YET STARTED")))) -> 🎯 IN PROGRESS — STAY FOCUSED | H10: Sci Paper Writing | I10: =IFERROR('📅 Timetable'!M7,0) -> 3 | J10: 16 | K10: =IF(IFERROR('📅 Timetable'!O7,0)=1,"✅ DONE",IF(IFERROR('📅 Timetable'!O7,0)>0,"⏳ Active","🔒 Pending")) -> ⏳ Active | M10: Wk 2 | N10: 09–15 Mar | R10: Status | S10: ✍ Writing in progress | V10: ◆ | W10: UAV Intensives | X10: 06 Apr 2026
H11: RS Image Processing | I11: =IFERROR('📅 Timetable'!M8,0) -> 3 | J11: 20 | K11: =IF(IFERROR('📅 Timetable'!O8,0)=1,"✅ DONE",IF(IFERROR('📅 Timetable'!O8,0)>0,"⏳ Active","🔒 Pending")) -> ⏳ Active | M11: Wk 3 | N11: 16–22 Mar | R11: Sections done | S11: =IFERROR(COUNTIF('📄 Research Hub'!C8:C22,"✅"),0)&" / 15" -> 12 / 15 | V11: ◆ | W11: ScPaper/RSImg End | X11: 26 Apr 2026
C12: PER-COURSE PROGRESS | H12: UAV Remote Sensing | I12: =IFERROR('📅 Timetable'!M9,0) -> 0 | J12: 24 | K12: =IF(IFERROR('📅 Timetable'!O9,0)=1,"✅ DONE",IF(IFERROR('📅 Timetable'!O9,0)>0,"⏳ Active","🔒 Pending")) -> 🔒 Pending | M12: Wk 4 | N12: 23–29 Mar | R12: Completion | S12: =IFERROR(TEXT('📄 Research Hub'!D4,"0.0%"),"0.0%") -> 80.0% | V12: ◆ | W12: NatDis Begins | X12: 27 Apr 2026
C13: 1 | D13: Chinese Lang 2 | E13: =REPT("█",ROUND(IFERROR('📅 Timetable'!O6,0)*10,0))&REPT("░",10-ROUND(IFERROR('📅 Timetable'!O6,0)*10,0))&" "&TEXT(IFERROR('📅 Timetable'!O6,0),"0%") -> █░░░░░░░░░ 9% | H13: RS Nat Disasters | I13: =IFERROR('📅 Timetable'!M10,0) -> 0 | J13: 18 | K13: =IF(IFERROR('📅 Timetable'!O10,0)=1,"✅ DONE",IF(IFERROR('📅 Timetable'!O10,0)>0,"⏳ Active","🔒 Pending")) -> 🔒 Pending | M13: Wk 5 | N13: 30 Mar–05 Apr | R13: Target journal | S13: Remote Sensing of Env. | V13: ◆ | W13: UAV Ends Sat/Sun | X13: 17 May 2026
C14: 2 | D14: Sci Paper Writing | E14: =REPT("█",ROUND(IFERROR('📅 Timetable'!O7,0)*10,0))&REPT("░",10-ROUND(IFERROR('📅 Timetable'!O7,0)*10,0))&" "&TEXT(IFERROR('📅 Timetable'!O7,0),"0%") -> ██░░░░░░░░ 19% | H14: AI & Large Models | I14: =IFERROR('📅 Timetable'!M11,0) -> 3 | J14: 16 | K14: =IF(IFERROR('📅 Timetable'!O11,0)=1,"✅ DONE",IF(IFERROR('📅 Timetable'!O11,0)>0,"⏳ Active","🔒 Pending")) -> ⏳ Active | M14: Wk 6 | N14: 06–12 Apr | O14: UAV begins (Mon/Wed) | R14: Submission | S14: Q3 2026 (Target) | V14: ◆ | W14: Open Campus Day | X14: 08 Jun 2026
C15: 3 | D15: RS Image Processing | E15: =REPT("█",ROUND(IFERROR('📅 Timetable'!O8,0)*10,0))&REPT("░",10-ROUND(IFERROR('📅 Timetable'!O8,0)*10,0))&" "&TEXT(IFERROR('📅 Timetable'!O8,0),"0%") -> ██░░░░░░░░ 15% | M15: Wk 7 | N15: 13–19 Apr | R15: =REPT("█",ROUND(IFERROR('📄 Research Hub'!D4,0)*20,0))&REPT("░",20-ROUND(IFERROR('📄 Research Hub'!D4,0)*20,0))&" "&TEXT(IFERROR('📄 Research Hub'!D4,0),"0%") -> ████████████████░░░░ 80% | V15: ◆ | W15: Graduation | X15: 15 Jun 2026
C16: 4 | D16: UAV Remote Sensing | E16: =REPT("█",ROUND(IFERROR('📅 Timetable'!O9,0)*10,0))&REPT("░",10-ROUND(IFERROR('📅 Timetable'!O9,0)*10,0))&" "&TEXT(IFERROR('📅 Timetable'!O9,0),"0%") -> ░░░░░░░░░░ 0% | H16: =CONCATENATE("SESSIONS: ",IFERROR(SUM('📅 Timetable'!M6:M11),0)," attended of 126") -> SESSIONS: 12 attended of 126 | M16: Wk 8 | N16: 20–26 Apr | O16: ScPaper · RSImg · AI end | R16: 📜 PAPER 2 — GPP RECOVERY | V16: ◆ | W16: Semester End | X16: 21 Jun 2026
C17: 5 | D17: RS Natural Disasters | E17: =REPT("█",ROUND(IFERROR('📅 Timetable'!O10,0)*10,0))&REPT("░",10-ROUND(IFERROR('📅 Timetable'!O10,0)*10,0))&" "&TEXT(IFERROR('📅 Timetable'!O10,0),"0%") -> ░░░░░░░░░░ 0% | H17: RESEARCH PAPERS | M17: Wk 9 | N17: 27 Apr–03 May | O17: NatDis begins (Wed/Thu) | R17: Status | S17: 🔒 Planned — Post-Paper 1
C18: 6 | D18: AI & Large Models | E18: =REPT("█",ROUND(IFERROR('📅 Timetable'!O11,0)*10,0))&REPT("░",10-ROUND(IFERROR('📅 Timetable'!O11,0)*10,0))&" "&TEXT(IFERROR('📅 Timetable'!O11,0),"0%") -> ██░░░░░░░░ 19% | H18: Paper 1 — Cyclone SIF | I18: =REPT("█",ROUND(IFERROR('📄 Research Hub'!D4,0)*14,0))&REPT("░",14-ROUND(IFERROR('📄 Research Hub'!D4,0)*14,0))&" "&TEXT(IFERROR('📄 Research Hub'!D4,0),"0%") -> ███████████░░░ 80% | K18: =IF(IFERROR('📄 Research Hub'!D4,0)=1,"✅ SUBMITTED",IF(IFERROR('📄 Research Hub'!D4,0)>0,"✍ Writing","🔒 Planned")) -> ✍ Writing | M18: Wk 10 | N18: 04–10 May | O18: UAV Sat/Sun intensives | R18: Concept | S18: GPP recovery + rainfall coupling | V18: PROGRAMME METRICS
H19: Paper 2 — GPP Recovery | I19: =REPT("█",ROUND(IFERROR('📄 Research Hub'!J4,0)*14,0))&REPT("░",14-ROUND(IFERROR('📄 Research Hub'!J4,0)*14,0))&" "&TEXT(IFERROR('📄 Research Hub'!J4,0),"0%") -> ░░░░░░░░░░░░░░ 0% | K19: =IF(IFERROR('📄 Research Hub'!J4,0)=1,"✅ SUBMITTED",IF(IFERROR('📄 Research Hub'!J4,0)>0,"✍ Writing","🔒 Planned")) -> 🔒 Planned | M19: Wk 11 | N19: 11–17 May | O19: Last UAV Sat/Sun block | R19: Target | S19: Global Change Biology | V19: Courses / Papers | W19: 6 courses | 2 papers
C20: =CONCATENATE("TOTAL: ",IFERROR(SUM('📅 Timetable'!L15:Q30),0)," sessions attended") -> TOTAL: 12 sessions attended | M20: Wk 15 | N20: 08–14 Jun | O20: ◆ Open Campus Day | R20: Timeline | S20: 2027 Submission | V20: Total Sessions | W20: 126 scheduled
M21: Wk 16 | N21: 15–21 Jun | O21: ◆ Graduation Ceremony | R21: =REPT("█",ROUND(IFERROR('📄 Research Hub'!J4,0)*20,0))&REPT("░",20-ROUND(IFERROR('📄 Research Hub'!J4,0)*20,0))&" "&TEXT(IFERROR('📄 Research Hub'!J4,0),"0%") -> ░░░░░░░░░░░░░░░░░░░░ 0% | V21: Semester Duration | W21: 16 weeks — Mar to Jun 2026
A23: 💰 FINANCIAL OVERVIEW | SEMESTER 2 | ¥4,500 TOTAL BUDGET
A25: TOTAL SPENT | E25: REMAINING | I25: WEEKLY ALLOWANCE | M25: SAVINGS RATE | Q25: BUDGET HEALTH | U25: PROJECTED SAVINGS
A26: =IFERROR('💰 Finance'!D5,0) -> 1241.24 | E26: =IFERROR('💰 Finance'!E5,0) -> 0 | I26: =IFERROR('💰 Finance'!G5,0) -> 137.91556 | M26: =IFERROR('💰 Finance'!D3,0) -> 0 | Q26: =IF(IFERROR('💰 Finance'!D5,0)/4500>0.9,"🚨 CRITICAL",IF(IFERROR('💰 Finance'!D5,0)/4500>0.75,"⚠️ HIGH SPEND",IF(IFERROR('💰 Finance'!D5,0)/4500>0.6,"📊 CAUTION",IF(IFERROR('💰 Finance'!D5,0)/4500>0.3,"✅ ON TRACK","💰 EXCELLENT")))) -> 💰 EXCELLENT | U26: =MAX(0,4500-IFERROR('💰 Finance'!D5,0)) -> 3258.76
A27: ="SPENT: "& REPT("█",ROUND(IFERROR('💰 Finance'!D5/4500,0)*22,0))&REPT("░",22-ROUND(IFERROR('💰 Finance'!D5/4500,0)*22,0))&" "&TEXT(IFERROR('💰 Finance'!D5/4500,0),"0%") -> SPENT: ██████░░░░░░░░░░░░░░░░ 28% | L27: ="SAVED: "&REPT("█",ROUND(IFERROR(1-'💰 Finance'!D5/4500,0)*22,0))&REPT("░",22-ROUND(IFERROR(1-'💰 Finance'!D5/4500,0)*22,0))&" "&TEXT(IFERROR(1-'💰 Finance'!D5/4500,0),"0%") -> SAVED: ████████████████░░░░░░ 72%
A28: =CONCATENATE("TOTAL BUDGET: ¥4,500 | STIPEND: ¥3,000 | FIRST-YEAR BONUS: ¥1,500 | ","SPENT: ¥",TEXT(IFERROR('💰 Finance'!D5,0),"#,##0.00")," | REMAINING: ¥",TEXT(MAX(0,4500-IFERROR('💰 Finance'!D5,0)),"#,##0.00")," | SAVINGS TARGET: ¥1,350 (30%)") -> TOTAL BUDGET: ¥4,500 | STIPEND: ¥3,000 | FIRST-YEAR BONUS: ¥1,500 | SPENT: ¥1,241.24 | REMAINING: ¥3,258.76 | SAVINGS TARGET: ¥1,350 (30%)
A30: "Spatial thinking is the foundation upon which all geographic knowledge rests." — Robert Sinton | "Discipline and strategy are the cartography of ambition." — Waldo Tobler

Sheet 📅 Timetable
A1: ◈ SPRING SEMESTER 2026 | COURSE TIMETABLE | BEIHANG UNIVERSITY ◈ | K1: ⬡ LIVE ATTENDANCE TRACKER | Type 1 = Attended
A2: "Remote sensing allows us to see the Earth as a living system." — Charles Elachi, NASA/JPL | E2: "Every map is a political act — a statement of power over space." — J.B. Harley | K2: MASTER COMPLETION
A3: "To understand a landscape, you must first learn to read it from above." — Carl Troll | K3: OVERALL: | M3: =IFERROR(AVERAGE(O6:O11),0) -> 0.103125 | O3: =REPT("█",ROUND(IFERROR(AVERAGE(O6:O11),0)*20,0))&REPT("░",20-ROUND(IFERROR(AVERAGE(O6:O11),0)*20,0)) -> ██░░░░░░░░░░░░░░░░░░
A4: "The map is not the territory — but it is the beginning of understanding it." — Alfred Korzybski | K4: =IF(IFERROR(AVERAGE(O6:O11),0)=1,"🏆 ALL COURSES COMPLETE — MISSION ACCOMPLISHED",IF(IFERROR(AVERAGE(O6:O11),0)>=0.75,"⚡ STRONG PROGRESS — KEEP PUSHING",IF(IFERROR(AVERAGE(O6:O11),0)>=0.5,"📈 HALFWAY THERE — MAINTAIN MOMENTUM",IF(IFERROR(AVERAGE(O6:O11),0)>0,"🎯 IN PROGRESS — STAY FOCUSED","📌 SEMESTER NOT YET STARTED")))) -> 🎯 IN PROGRESS — STAY FOCUSED
A5: ● COURSE LEGEND | Verified from BUAA Academic Affairs System | K5: # | L5: COURSE | M5: DONE | N5: TOTAL | O5: % | P5: PROGRESS BAR | Q5: STATUS | R5: WEEKS
A6: 1 | B6: Chinese Language 2 | Wks 1–16 | D253026002 | D6: 3 | E6: RS Image Processing | Wks 1–8 | D253051004 | G6: 5 | H6: RS Natural Disasters | Wks 9–16 | D253051005 | K6: 1 | L6: Chinese Language 2 | M6: =SUM(L15:L28) -> 3 | N6: 32 | O6: =IFERROR(M6/N6,0) -> 0.09375 | P6: =REPT("█",ROUND(O6*15,0))&REPT("░",15-ROUND(O6*15,0)) -> █░░░░░░░░░░░░░░ | Q6: =IF(O6=1,"✅ COMPLETE",IF(O6>0,"⏳ In Progress","🔒 Pending")) -> ⏳ In Progress | R6: Wks 1–16
A7: 2 | B7: Sci Paper Writing | Wks 1–8 | D253026011 | D7: 4 | E7: UAV Remote Sensing | Wks 6–11 | D253052002 | G7: 6 | H7: AI & Large Models | Wks 1–8 | D253041002 | K7: 2 | L7: Sci Paper Writing | M7: =SUM(M15:M28) -> 3 | N7: 16 | O7: =IFERROR(M7/N7,0) -> 0.1875 | P7: =REPT("█",ROUND(O7*15,0))&REPT("░",15-ROUND(O7*15,0)) -> ███░░░░░░░░░░░░ | Q7: =IF(O7=1,"✅ COMPLETE",IF(O7>0,"⏳ In Progress","🔒 Pending")) -> ⏳ In Progress | R7: Wks 1–8
A8: SECTION | B8: TIME | C8: MONDAY | D8: TUESDAY | E8: WEDNESDAY | F8: THURSDAY | G8: FRIDAY | H8: SATURDAY | I8: SUNDAY | K8: 3 | L8: RS Image Processing | M8: =SUM(N15:N28) -> 3 | N8: 20 | O8: =IFERROR(M8/N8,0) -> 0.15 | P8: =REPT("█",ROUND(O8*15,0))&REPT("░",15-ROUND(O8*15,0)) -> ██░░░░░░░░░░░░░ | Q8: =IF(O8=1,"✅ COMPLETE",IF(O8>0,"⏳ In Progress","🔒 Pending")) -> ⏳ In Progress | R8: Wks 1–8
A9: S1 | B9: 08:00–08:45 | C9: Chinese Language 2 (Graduate) — Hangzhou Class 1 Wks 1-16 | Zhang Yongqin Teaching Bldg 2 · Rm 3003 | E9: Chinese Language 2 (Graduate) — Hangzhou Class 1 Wks 1-16 | Zhang Yongqin Teaching Bldg 2 · Rm 3003 | H9: UAV Remote Sensing Methods & Applications (01) Wks 10-11 | Tan Yumin · He Lingfeng Research Bldg 1 · Rm 1043 | I9: UAV Remote Sensing Methods & Applications (01) Wks 10-11 | Tan Yumin · He Lingfeng Research Bldg 1 · Rm 1043 | K9: 4 | L9: UAV Remote Sensing | M9: =SUM(O15:O28) -> 0 | N9: 24 | O9: =IFERROR(M9/N9,0) -> 0 | P9: =REPT("█",ROUND(O9*15,0))&REPT("░",15-ROUND(O9*15,0)) -> ░░░░░░░░░░░░░░░ | Q9: =IF(O9=1,"✅ COMPLETE",IF(O9>0,"⏳ In Progress","🔒 Pending")) -> 🔒 Pending | R9: Wks 6–11
A10: S2 | B10: 08:50–09:35 | C10: Chinese Language 2 (Graduate) — Hangzhou Class 1 Wks 1-16 | Zhang Yongqin Teaching Bldg 2 · Rm 3003 | E10: Chinese Language 2 (Graduate) — Hangzhou Class 1 Wks 1-16 | Zhang Yongqin Teaching Bldg 2 · Rm 3003 | H10: UAV Remote Sensing Methods & Applications (01) Wks 10-11 | Tan Yumin · He Lingfeng Research Bldg 1 · Rm 1043 | I10: UAV Remote Sensing Methods & Applications (01) Wks 10-11 | Tan Yumin · He Lingfeng Research Bldg 1 · Rm 1043 | K10: 5 | L10: RS Natural Disasters | M10: =SUM(P15:P28) -> 0 | N10: 18 | O10: =IFERROR(M10/N10,0) -> 0 | P10: =REPT("█",ROUND(O10*15,0))&REPT("░",15-ROUND(O10*15,0)) -> ░░░░░░░░░░░░░░░ | Q10: =IF(O10=1,"✅ COMPLETE",IF(O10>0,"⏳ In Progress","🔒 Pending")) -> 🔒 Pending | R10: Wks 9–16
A11: S3 | B11: 09:50–10:35 | C11: Scientific Paper Writing in English (01) Wks 1-8 | Sheikh Tawhidul Islam Research Bldg 1 · Rm 4108 | E11: Intelligent Processing of Remote Sensing Images (01) Wks 1-8 | Tan Yumin · TARIQ AQIL Research Bldg 1 · Rm 1043 | F11: Intelligent Processing of Remote Sensing Images (01) Wks 1-8 | Tan Yumin · TARIQ AQIL Research Bldg 1 · Rm 1043 | H11: UAV Remote Sensing Methods & Applications (01) Wks 10-11 | Tan Yumin · He Lingfeng Research Bldg 1 · Rm 1043 | I11: UAV Remote Sensing Methods & Applications (01) Wks 10-11 | Tan Yumin · He Lingfeng Research Bldg 1 · Rm 1043 | K11: 6 | L11: AI & Large Models | M11: =SUM(Q15:Q28) -> 3 | N11: 16 | O11: =IFERROR(M11/N11,0) -> 0.1875 | P11: =REPT("█",ROUND(O11*15,0))&REPT("░",15-ROUND(O11*15,0)) -> ███░░░░░░░░░░░░ | Q11: =IF(O11=1,"✅ COMPLETE",IF(O11>0,"⏳ In Progress","🔒 Pending")) -> ⏳ In Progress | R11: Wks 1–8
A12: S4 | B12: 10:40–11:25 | C12: Scientific Paper Writing in English (01) Wks 1-8 | Sheikh Tawhidul Islam Research Bldg 1 · Rm 4108 | E12: Intelligent Processing of Remote Sensing Images (01) Wks 1-8 | Tan Yumin · TARIQ AQIL Research Bldg 1 · Rm 1043 | F12: Intelligent Processing of Remote Sensing Images (01) Wks 1-8 | Tan Yumin · TARIQ AQIL Research Bldg 1 · Rm 1043 | H12: UAV Remote Sensing Methods & Applications (01) Wks 10-11 | Tan Yumin · He Lingfeng Research Bldg 1 · Rm 1043 | I12: UAV Remote Sensing Methods & Applications (01) Wks 10-11 | Tan Yumin · He Lingfeng Research Bldg 1 · Rm 1043
A13: S5 | B13: 11:30–12:15 | H13: UAV Remote Sensing Methods & Applications (01) Wks 10-11 | Tan Yumin · He Lingfeng Research Bldg 1 · Rm 1043 | I13: UAV Remote Sensing Methods & Applications (01) Wks 10-11 | Tan Yumin · He Lingfeng Research Bldg 1 · Rm 1043 | K13: 📋 WEEK-BY-WEEK ATTENDANCE | Type 1 = Attended | 0 or blank = Absent
A14: S6 | B14: 14:00–14:45 | E14: UAV Remote Sensing Methods & Applications (01) Wks 6-9 | Tan Yumin · He Lingfeng Research Bldg 1 · Rm 1043 | K14: WEEK | L14: Chinese Lang | M14: Sci Paper Wr | N14: RS Image Pro | O14: UAV Remote S | P14: RS Natural D | Q14: AI & Large M | R14: Σ/week
A15: S7 | B15: 14:50–15:35 | E15: UAV Remote Sensing Methods & Applications (01) Wks 6-9 | Tan Yumin · He Lingfeng Research Bldg 1 · Rm 1043 | K15: Wk 1 02–08 Mar | L15: 1 | M15: 1 | N15: 1 | O15: 0 | P15: 0 | Q15: 1 | R15: =SUM(L15:Q15) -> 4
A16: S8 | B16: 15:50–16:35 | C16: UAV Remote Sensing Methods & Applications (01) Wks 6-9 | Tan Yumin · He Lingfeng Research Bldg 1 · Rm 1043 | E16: Remote Sensing of Natural Disasters (01) Wks 9-16 | Sheikh Tawhidul Islam Research Bldg 1 · Rm 1045 | F16: Remote Sensing of Natural Disasters (01) Wks 15-16 | Sheikh Tawhidul Islam Research Bldg 1 · Rm 1045 | K16: Wk 2 09–15 Mar | L16: 1 | M16: 1 | N16: 1 | O16: 0 | P16: 0 | Q16: 1 | R16: =SUM(L16:Q16) -> 4
A17: S9 | B17: 16:40–17:25 | C17: UAV Remote Sensing Methods & Applications (01) Wks 6-9 | Tan Yumin · He Lingfeng Research Bldg 1 · Rm 1043 | E17: Remote Sensing of Natural Disasters (01) Wks 9-16 | Sheikh Tawhidul Islam Research Bldg 1 · Rm 1045 | F17: Remote Sensing of Natural Disasters (01) Wks 15-16 | Sheikh Tawhidul Islam Research Bldg 1 · Rm 1045 | K17: Wk 3 16–22 Mar | L17: 1 | M17: 1 | N17: 1 | O17: 0 | P17: 0 | Q17: 1 | R17: =SUM(L17:Q17) -> 4
A18: S10 | B18: 17:30–18:15 | E18: Remote Sensing of Natural Disasters (01) Wks 9-16 | Sheikh Tawhidul Islam Research Bldg 1 · Rm 1045 | F18: Remote Sensing of Natural Disasters (01) Wks 15-16 | Sheikh Tawhidul Islam Research Bldg 1 · Rm 1045 | K18: Wk 4 23–29 Mar | L18: 0 | M18: 0 | N18: 0 | O18: 0 | P18: 0 | Q18: 0 | R18: =SUM(L18:Q18) -> 0
A19: S11 | B19: 19:00–19:45 | C19: Artificial Intelligence & Large Models (01) Wks 1-8 | Populus euphratica Research Bldg 1 · Rm 4108 | D19: Artificial Intelligence & Large Models (01) Wks 1-8 | Populus euphratica Research Bldg 1 · Rm 4108 | K19: Wk 5 30Mar–5Apr | L19: 0 | M19: 0 | N19: 0 | O19: 0 | P19: 0 | Q19: 0 | R19: =SUM(L19:Q19) -> 0
A20: S12 | B20: 19:50–20:35 | C20: Artificial Intelligence & Large Models (01) Wks 1-8 | Populus euphratica Research Bldg 1 · Rm 4108 | D20: Artificial Intelligence & Large Models (01) Wks 1-8 | Populus euphratica Research Bldg 1 · Rm 4108 | K20: Wk 6 06–12 Apr | L20: 0 | M20: 0 | N20: 0 | O20: 0 | P20: 0 | Q20: 0 | R20: =SUM(L20:Q20) -> 0
A21: S13 | B21: 20:40–21:25 | K21: Wk 7 13–19 Apr | L21: 0 | M21: 0 | N21: 0 | O21: 0 | P21: 0 | Q21: 0 | R21: =SUM(L21:Q21) -> 0
A22: S14 | B22: 21:30–22:15 | K22: Wk 8 20–26 Apr | L22: 0 | M22: 0 | N22: 0 | O22: 0 | P22: 0 | Q22: 0 | R22: =SUM(L22:Q22) -> 0
K23: Wk 9 27Apr–3May | L23: 0 | M23: 0 | N23: 0 | O23: 0 | P23: 0 | Q23: 0 | R23: =SUM(L23:Q23) -> 0
K24: Wk 10 04–10 May | L24: 0 | M24: 0 | N24: 0 | O24: 0 | P24: 0 | Q24: 0 | R24: =SUM(L24:Q24) -> 0
K25: Wk 11 11–17 May | L25: 0 | M25: 0 | N25: 0 | O25: 0 | P25: 0 | Q25: 0 | R25: =SUM(L25:Q25) -> 0
K26: Wk 12 18–24 May | L26: 0 | M26: 0 | N26: 0 | O26: 0 | P26: 0 | Q26: 0 | R26: =SUM(L26:Q26) -> 0
K27: Wk 13 25–31 May | L27: 0 | M27: 0 | N27: 0 | O27: 0 | P27: 0 | Q27: 0 | R27: =SUM(L27:Q27) -> 0
K28: Wk 14 01–07 Jun | L28: 0 | M28: 0 | N28: 0 | O28: 0 | P28: 0 | Q28: 0 | R28: =SUM(L28:Q28) -> 0
K29: Wk 15 08–14 Jun | L29: 0 | M29: 0 | N29: 0 | O29: 0 | P29: 0 | Q29: 0 | R29: =SUM(L29:Q29) -> 0
K30: Wk 16 15–21 Jun | L30: 0 | M30: 0 | N30: 0 | O30: 0 | P30: 0 | Q30: 0 | R30: =SUM(L30:Q30) -> 0
K31: =CONCATENATE("TOTAL ATTENDED: ",SUM(L15:Q30)," / 126 sessions") -> TOTAL ATTENDED: 12 / 126 sessions
A33: "Spatial thinking is the foundation upon which all geographic knowledge rests." — Robert Sinton

Sheet 📊 Analytics
A1: ◈ ACADEMIC ANALYTICS DASHBOARD | SPRING 2026
A3: COURSE | B3: ATTENDED | C3: TOTAL | D3: % | E3: REMAINING
A4: Chinese Language 2 | B4: ='📅 Timetable'!M6 -> 3 | C4: ='📅 Timetable'!N6 -> 32 | D4: =IFERROR(B4/C4,0) -> 0.09375 | E4: =C4-B4 -> 29
A5: Sci Paper Writing | B5: ='📅 Timetable'!M7 -> 3 | C5: ='📅 Timetable'!N7 -> 16 | D5: =IFERROR(B5/C5,0) -> 0.1875 | E5: =C5-B5 -> 13
A6: RS Image Processing | B6: ='📅 Timetable'!M8 -> 3 | C6: ='📅 Timetable'!N8 -> 20 | D6: =IFERROR(B6/C6,0) -> 0.15 | E6: =C6-B6 -> 17
A7: UAV Remote Sensing | B7: ='📅 Timetable'!M9 -> 0 | C7: ='📅 Timetable'!N9 -> 24 | D7: =IFERROR(B7/C7,0) -> 0 | E7: =C7-B7 -> 24
A8: RS Natural Disasters | B8: ='📅 Timetable'!M10 -> 0 | C8: ='📅 Timetable'!N10 -> 18 | D8: =IFERROR(B8/C8,0) -> 0 | E8: =C8-B8 -> 18
A9: AI & Large Models | B9: ='📅 Timetable'!M11 -> 3 | C9: ='📅 Timetable'!N11 -> 16 | D9: =IFERROR(B9/C9,0) -> 0.1875 | E9: =C9-B9 -> 13
A12: Completed | B12: =IFERROR(AVERAGE('📅 Timetable'!O6:O11),0) -> 0.103125
A13: Remaining | B13: =1-IFERROR(AVERAGE('📅 Timetable'!O6:O11),0) -> 0.896875
A32: ◈ COURSE PROGRESS INFOGRAPHIC | LIVE DATA
A34: Chinese Language 2 | D34: ='📅 Timetable'!O6 -> 0.09375 | F34: =REPT("█",ROUND('📅 Timetable'!O6*30,0))&REPT("░",30-ROUND('📅 Timetable'!O6*30,0)) -> ███░░░░░░░░░░░░░░░░░░░░░░░░░░░ | S34: =IF('📅 Timetable'!O6=1,"✅ COMPLETE",IF('📅 Timetable'!O6>0,"⏳ In Progress","🔒 Pending")) -> ⏳ In Progress
D35: Zhang Yongqin | Wks 1–16 | 32 sessions | Teaching Bldg 2 · Rm 3003
A37: Sci Paper Writing | D37: ='📅 Timetable'!O7 -> 0.1875 | F37: =REPT("█",ROUND('📅 Timetable'!O7*30,0))&REPT("░",30-ROUND('📅 Timetable'!O7*30,0)) -> ██████░░░░░░░░░░░░░░░░░░░░░░░░ | S37: =IF('📅 Timetable'!O7=1,"✅ COMPLETE",IF('📅 Timetable'!O7>0,"⏳ In Progress","🔒 Pending")) -> ⏳ In Progress
D38: Sheikh Tawhidul Islam | Wks 1–8 | 16 sessions | Research Bldg 1 · Rm 4108
A40: RS Image Processing | D40: ='📅 Timetable'!O8 -> 0.15 | F40: =REPT("█",ROUND('📅 Timetable'!O8*30,0))&REPT("░",30-ROUND('📅 Timetable'!O8*30,0)) -> █████░░░░░░░░░░░░░░░░░░░░░░░░░ | S40: =IF('📅 Timetable'!O8=1,"✅ COMPLETE",IF('📅 Timetable'!O8>0,"⏳ In Progress","🔒 Pending")) -> ⏳ In Progress
D41: Tan Yumin · TARIQ AQIL | Wks 1–8 | 20 sessions | Research Bldg 1 · Rm 1043
A43: UAV Remote Sensing | D43: ='📅 Timetable'!O9 -> 0 | F43: =REPT("█",ROUND('📅 Timetable'!O9*30,0))&REPT("░",30-ROUND('📅 Timetable'!O9*30,0)) -> ░░░░░░░░░░░░░░░░░░░░░░░░░░░░░░ | S43: =IF('📅 Timetable'!O9=1,"✅ COMPLETE",IF('📅 Timetable'!O9>0,"⏳ In Progress","🔒 Pending")) -> 🔒 Pending
D44: Tan Yumin · He Lingfeng | Wks 6–11 | 24 sessions | Research Bldg 1 · Rm 1043
A46: RS Natural Disasters | D46: ='📅 Timetable'!O10 -> 0 | F46: =REPT("█",ROUND('📅 Timetable'!O10*30,0))&REPT("░",30-ROUND('📅 Timetable'!O10*30,0)) -> ░░░░░░░░░░░░░░░░░░░░░░░░░░░░░░ | S46: =IF('📅 Timetable'!O10=1,"✅ COMPLETE",IF('📅 Timetable'!O10>0,"⏳ In Progress","🔒 Pending")) -> 🔒 Pending
D47: Sheikh Tawhidul Islam | Wks 9–16 | 18 sessions | Research Bldg 1 · Rm 1045
A49: AI & Large Models | D49: ='📅 Timetable'!O11 -> 0.1875 | F49: =REPT("█",ROUND('📅 Timetable'!O11*30,0))&REPT("░",30-ROUND('📅 Timetable'!O11*30,0)) -> ██████░░░░░░░░░░░░░░░░░░░░░░░░ | S49: =IF('📅 Timetable'!O11=1,"✅ COMPLETE",IF('📅 Timetable'!O11>0,"⏳ In Progress","🔒 Pending")) -> ⏳ In Progress
D50: Populus euphratica | Wks 1–8 | 16 sessions | Research Bldg 1 · Rm 4108

Sheet 📄 Research Hub
A1: ◈ RESEARCH & PUBLICATION HUB | MASTERS IN REMOTE SENSING | BEIHANG 2025–2026 ◈
A2: "The goal of remote sensing science is not merely to capture the Earth, but to comprehend it." — Carl Troll | "Every map is a political act — a statement of power over space." — J.B. Harley
A4: PAPER 1 COMPLETION: | D4: =IFERROR(COUNTIF(C8:C22,"✅")/COUNTA(B8:B22),0) -> 0.8 | E4: =REPT("█",ROUND(IFERROR(COUNTIF(C8:C22,"✅")/COUNTA(B8:B22),0)*24,0))&REPT("░",24-ROUND(IFERROR(COUNTIF(C8:C22,"✅")/COUNTA(B8:B22),0)*24,0)) -> ███████████████████░░░░░ | G4: PAPER 2 COMPLETION: | J4: =IFERROR(COUNTIF(I8:I19,"✅")/COUNTA(H8:H19),0) -> 0 | K4: =REPT("█",ROUND(IFERROR(COUNTIF(I8:I19,"✅")/COUNTA(H8:H19),0)*24,0))&REPT("░",24-ROUND(IFERROR(COUNTIF(I8:I19,"✅")/COUNTA(H8:H19),0)*24,0)) -> ░░░░░░░░░░░░░░░░░░░░░░░░
A6: 📜 PAPER 1 Cyclone-Induced Vegetation Functional Disruption Across Southern Africa Observed via TROPOMI Solar-Induced Fluorescence | G6: 📜 PAPER 2 Hydroclimatic Modulation of Post-Cyclone GPP Recovery Across Semi-Arid Ecosystems in Southern Africa
B7: SECTION | C7: STATUS | D7: TARGET DATE | F7: NOTES | H7: SECTION | I7: STATUS | J7: TARGET DATE | L7: NOTES
B8: Title & Abstract | C8: ✅ | D8: Mar 2026 | F8: Cyclone SIF framework — complete draft | H8: Research Conception | I8: ⏳ | J8: Jun 2026 | L8: GPP recovery mechanics, rainfall coupling
B9: 1. Introduction | C9: ✅ | D9: Mar 2026 | F9: Climate variability, NDVI vs SIF rationale | H9: Literature Review | I9: 🔒 | J9: Jul 2026 | L9: ENSO, hydroclimatic driver studies
B10: 2. Study Site Description | C10: ✅ | D10: Mar 2026 | F10: SADC boundary, ENSO context, biomes | H10: Study Site & Data | I10: 🔒 | J10: Jul 2026 | L10: Extend SADC dataset, PML-V2 expansion
B11: 3.1 Conceptual Framework | C11: ✅ | D11: Mar 2026 | F11: BER window, disturbance ontology | H11: Conceptual Framework | I11: 🔒 | J11: Aug 2026 | L11: Recovery-penalized index framework
B12: 3.2 Cyclone Identification | C12: ✅ | D12: Mar 2026 | F12: IBTrACS, storm-country pairs | H12: Methods: Recovery Windows | I12: 🔒 | J12: Aug 2026 | L12: 30/60/90-day recovery analysis
B13: 3.3 Datasets | C13: ✅ | D13: Mar 2026 | F13: TROPOMI SIF, PML-V2 GPP, CHIRPS | H13: Methods: Rainfall Drivers | I13: 🔒 | J13: Aug 2026 | L13: CHIRPS ETCCDI extremes, lagged correlations
B14: 3.4 BER Window Framework | C14: ✅ | D14: Mar 2026 | F14: 30-day baseline/event/recovery | H14: Results: Country Trajectories | I14: 🔒 | J14: Sep 2026 | L14: Per-country GPP recovery mapping
B15: 3.5 Data Coverage | C15: ✅ | D15: Apr 2026 | F15: Missingness thresholds defined | H15: Results: Rainfall Coupling | I15: 🔒 | J15: Sep 2026 | L15: ΔR95pTOT vs RR regression
B16: 3.6–3.8 Disruption Metrics | C16: ✅ | D16: Apr 2026 | F16: CFDI, GPPDI, CFDI*, CVFII indices | H16: Discussion | I16: 🔒 | J16: Oct 2026 | L16: Mechanisms, ENSO modulation, policy
B17: 4.1–4.3 Results (SIF/GPP) | C17: ✅ | D17: Apr 2026 | F17: BER dynamics, CFDI ranking., This section CVFII was removed because of its close relationship with SIF | H17: Conclusion & Submission | I17: 🔒 | J17: Nov 2026 | L17: Target: Global Change Biology / RSE
B18: 4.4–4.6 Recovery & Coupling | C18: ✅ | D18: Apr 2026 | F18: Persistence, SIF-GPP coupling | H18: Peer Review Response | I18: 🔒 | J18: Dec 2026 | L18: Revision cycle
B19: 4.7–4.9 Rainfall Drivers | C19: ✅ | D19: May 2026 | F19: ETCCDI extremes, CVFII distribution | H19: Publication | I19: 🔒 | J19: 2027 | L19: Final acceptance & DOI
B20: 5. Discussion | C20: 🔒 | D20: May 2026 | F20: Synthesis, limitations, implications
B21: 6. Conclusion | C21: 🔒 | D21: Jun 2026 | F21: Research contributions, future work
B22: Submission & Revision | C22: 🔒 | D22: Jul 2026 | F22: Target: Remote Sensing of Environment
A26: ◆ RESEARCH VISION | MASTERS SCOPE & AMBITION
A27: ◆ | B27: CORE THEME | E27: Vegetation functional response to extreme hydroclimatic disturbance in Southern Africa
A28: ◆ | B28: METHODOLOGY | E28: TROPOMI SIF remote sensing + GPP (PML-V2) + ETCCDI hydroclimatic extremes + BER framework
A29: ◆ | B29: STUDY REGION | E29: Southern African Development Community (SADC) — 16 member states, diverse biomes
A30: ◆ | B30: CYCLONES | E30: Idai, Kenneth, Chalane, Belna, Diane, Francisco, Desmond — 21 storm-country exposures
A31: ◆ | B31: INDICES | E31: CFDI, GPPDI, CFDI*, GPPDI*, FASIF, FAGPP, CVFII — novel disturbance quantification framework
A32: ◆ | B32: CONTRIBUTION | E32: First multi-cyclone, multi-country SIF-GPP coupling study at physiological resolution
A33: ◆ | B33: TARGET JOURNALS | E33: Remote Sensing of Environment | Global Change Biology | Nature Climate Change
A34: ◆ | B34: TIMELINE | E34: Paper 1 → Q3 2026 | Paper 2 → 2027 | Masters Thesis → 2027
A36: "Spatial thinking is the foundation upon which all geographic knowledge rests." — Robert Sinton | "The map is not the territory — but it is the beginning of understanding it." — Alfred Korzybski

Sheet 💰 Finance
A1: 💰 FINANCIAL COMMAND | SEMESTER 2 BUDGET TRACKER | 2025–2026 | BASE: ¥4,026.32 + INCOMING BONUS ¥1,600
A4: TOTAL SPENT | D4: REMAINING BUDGET | G4: WEEKLY ALLOWANCE | J4: SAVINGS TARGET | M4: SAVED SO FAR
A5: =SUM(D8:D23) -> 2785.08 | D5: =4026.32-SUM(D8:D23) -> 1241.24 | G5: =IFERROR((4026.32-SUM(D8:D23))/MAX(1,16-COUNTA(A8:A23)),0) -> 137.91556 | J5: =0.3*4026.32 -> 1207.896 | M5: =MAX(0,4026.32-SUM(D8:D23)-1350) -> 0
A7: WK | B7: DESCRIPTION | C7: CATEGORY | D7: AMOUNT (¥) | E7: RUNNING BAL | F7: % OF BUDGET | G7: NOTES | I7: ◆ BUDGET STRATEGY | SEMESTER 2 | ¥4,500 TOTAL
A8: 1 | B8: Montly Groceries & Meals& Eating Utilities | C8: Food | D8: 580.18 | E8: =4026.32-SUM($D$8:D8) -> 3446.14 | F8: =IFERROR(SUM($D$8:D8)/4026.32,0) -> 0.14409684 | G8: Canteen + Canned Food +Cereal. Canteen meals taken only at night | I8: CATEGORY | J8: MONTHLY ¥ | K8: SEM TOTAL ¥ | L8: % ALLOC | M8: SPENT ¥ | N8: REMAINING ¥
A9: 1 | B9: VPN | C9: Entertainment | E9: =4026.32-SUM($D$8:D9) -> 3446.14 | F9: =IFERROR(SUM($D$8:D9)/4026.32,0) -> 0.14409684 | G9: Phone data | I9: Food & Meals | J9: 600 | K9: 2600 | L9: 0.578 | M9: =SUMIF(C8:C23,"Food",D8:D23) -> 617.18 | N9: =2600-M9 -> 1982.82
A10: 2 | B10: Study materials / printing | C10: Study Materials | E10: =4026.32-SUM($D$8:D10) -> 3446.14 | F10: =IFERROR(SUM($D$8:D10)/4026.32,0) -> 0.14409684 | G10: Paper, pens, journal access | I10: Study Materials | J10: 80 | K10: 320 | L10: 0.071 | M10: =SUMIF(C8:C23,"Study Materials",D8:D23) -> 0 | N10: =320-M10 -> 320
A11: 3 | B11: VPN | C11: Entertainment | E11: =4026.32-SUM($D$8:D11) -> 3446.14 | F11: =IFERROR(SUM($D$8:D11)/4026.32,0) -> 0.14409684 | G11: Cinema / museum | I11: Transport | J11: 50 | K11: 200 | L11: 0.044 | M11: =SUMIF(C8:C23,"Transport",D8:D23) -> 0 | N11: =200-M11 -> 200
B12: Rosey,Rufaro,Munahse | C12: Other | D12: 587 | E12: =4026.32-SUM($D$8:D12) -> 2859.14 | F12: =IFERROR(SUM($D$8:D12)/4026.32,0) -> 0.28988754 | G12: pay back rosey for leesah | I12: Communication | J12: 40 | K12: 160 | L12: 0.036 | M12: =SUMIF(C8:C23,"Communication",D8:D23) -> 0 | N12: =160-M12 -> 160
B13: Wifi | C13: Study Materials | E13: =4026.32-SUM($D$8:D13) -> 2859.14 | F13: =IFERROR(SUM($D$8:D13)/4026.32,0) -> 0.28988754 | I13: Entertainment | J13: 75 | K13: 300 | L13: 0.067 | M13: =SUMIF(C8:C23,"Entertainment",D8:D23) -> 0 | N13: =300-M13 -> 300
B14: Clothes | C14: Clothing | D14: 346 | E14: =4026.32-SUM($D$8:D14) -> 2513.14 | F14: =IFERROR(SUM($D$8:D14)/4026.32,0) -> 0.37582209 | G14: I need new clothes | I14: Health | J14: 50 | K14: 200 | L14: 0.044 | M14: =SUMIF(C8:C23,"Health",D8:D23) -> 0 | N14: =200-M14 -> 200
B15: Laundry | C15: Other | D15: 69.9 | E15: =4026.32-SUM($D$8:D15) -> 2443.24 | F15: =IFERROR(SUM($D$8:D15)/4026.32,0) -> 0.39318286 | G15: wanted to wash my clothes this is likely to be a recurrent on a monthly basis | I15: Clothing | J15: 25 | K15: 100 | L15: 0.022 | M15: =SUMIF(C8:C23,"Clothing",D8:D23) -> 346 | N15: =100-M15 -> -246
B16: Take out | C16: Food | D16: 37 | E16: =4026.32-SUM($D$8:D16) -> 2406.24 | F16: =IFERROR(SUM($D$8:D16)/4026.32,0) -> 0.40237239 | G16: Once in a while I might order take away | I16: Personal Care | J16: 35 | K16: 140 | L16: 0.035 | M16: =SUMIF(C8:C23,"Personal Care",D8:D23) -> 0 | N16: =140-M16 -> 140
B17: Leesah | C17: Other | D17: 137 | E17: =4026.32-SUM($D$8:D17) -> 2269.24 | F17: =IFERROR(SUM($D$8:D17)/4026.32,0) -> 0.4363985 | G17: Girlfriend Allowance | I17: SAVINGS TARGET | J17: 112 | K17: 450 | L17: 0.1 | M17: =MAX(0,4026.32-SUM(D8:D23)-1350) -> 0 | N17: =450-M17 -> 450
B18: Valerie | C18: Other | D18: 1028 | E18: =4026.32-SUM($D$8:D18) -> 1241.24 | F18: =IFERROR(SUM($D$8:D18)/4026.32,0) -> 0.69171849 | G18: Hospital Bill | I18: TOTALS | J18: =SUM(J9:J17) -> 1067 | K18: =SUM(K9:K17) -> 4470 | L18: =SUM(L9:L17) -> 0.997 | M18: =SUM(M9:M17) -> 963.18 | N18: =SUM(N9:N17) -> 3506.82
C19: Other | E19: =4026.32-SUM($D$8:D19) -> 1241.24 | F19: =IFERROR(SUM($D$8:D19)/4026.32,0) -> 0.69171849 | I19: ◆ FINANCIAL HEALTH MONITOR | BONUS ¥1,600 INCOMING (CONFIRMED)
A20: 3 | C20: Other | E20: =4026.32-SUM($D$8:D20) -> 1241.24 | F20: =IFERROR(SUM($D$8:D20)/4026.32,0) -> 0.69171849 | G20: Shampoo, body wash, toiletries — monthly | I20: BUDGET USED: | J20: =REPT("█",ROUND(IFERROR(SUM(D8:D23)/4026.32,0)*20,0))&REPT("░",20-ROUND(IFERROR(SUM(D8:D23)/4026.32,0)*20,0))&" "&TEXT(IFERROR(SUM(D8:D23)/4026.32,0),"0.0%") -> ██████████████░░░░░░ 69.2% | N20: =IFERROR(SUM(D8:D23)/4026.32,0) -> 0.69171849
A21: 4 | C21: Other | E21: =4026.32-SUM($D$8:D21) -> 1241.24 | F21: =IFERROR(SUM($D$8:D21)/4026.32,0) -> 0.69171849 | G21: Paracetamol, vitamin C, supplements | I21: SAVINGS RATE: | J21: =REPT("█",ROUND(IFERROR(1-SUM(D8:D23)/4026.32,0)*20,0))&REPT("░",20-ROUND(IFERROR(1-SUM(D8:D23)/4026.32,0)*20,0))&" "&TEXT(IFERROR(1-SUM(D8:D23)/4026.32,0),"0.0%") -> ██████░░░░░░░░░░░░░░ 30.8% | N21: =IFERROR(1-SUM(D8:D23)/4026.32,0) -> 0.30828151
C22: Other
A23: 4 | C23: Food | D23: 0 | E23: =4026.32-SUM($D$8:D23) -> 1241.24 | F23: =IFERROR(SUM($D$8:D23)/4026.32,0) -> 0.69171849 | G23: Between-meal campus snacks, cafe visits | I23: ⏳ BONUS ¥1,600 INCOMING (FACE SCAN — CONFIRMED) · CURRENT BANK BALANCE: ¥1,453.04
A24: TOTALS | D24: =SUM(D8:D23) -> 2785.08 | E24: =4026.32-SUM(D8:D23) -> 1241.24 | I24: PROJECTED TOTAL (with bonus): ¥3,053.04 | Spent so far: ¥2,573.28 | Target saved: ¥1,350 | ✅ ON TRACK
A26: "Beware of little expenses; a small leak will sink a great ship." — Benjamin Franklin | "The habit of saving is itself an education." — T.T. Munger
